,Age,SystolicBP,DiastolicBP,BS,BodyTemp,HeartRate
Age,1.0,0.4732400018820758,0.4302109000158938,0.31819402157293447,-0.3178514613456013,0.07293785688911096
SystolicBP,0.4732400018820758,1.0,0.7520186065512521,0.24951240870905278,-0.2885641943385796,-0.02121356468478868
DiastolicBP,0.4302109000158938,0.7520186065512521,1.0,0.3141181517005126,-0.27876541865832,-0.05261455648884529
BS,0.31819402157293447,0.24951240870905278,0.3141181517005126,1.0,-0.01532269013419797,0.12452667121544495
BodyTemp,-0.3178514613456013,-0.2885641943385796,-0.27876541865832,-0.01532269013419797,1.0,0.08835083046010833
HeartRate,0.07293785688911096,-0.02121356468478868,-0.05261455648884529,0.12452667121544495,0.08835083046010833,1.0
